trade_date,食品饮料,电力设备,电子,医药生物,有色金属,银行
2022-01-04,27031.93,12143.51,5497.86,11237.37,5645.61,3534.39
2022-01-05,26877.33,11703.89,5296.11,11003.74,5500.54,3596.61
2022-01-06,26456.48,11698.69,5273.45,11026.85,5565.77,3573.51
2022-01-07,26022.7,11494.5,5202.63,10936.78,5441.57,3629.18
2022-01-10,26048.63,11422.12,5218.0,11095.68,5488.82,3642.84
2022-01-11,25630.65,11313.62,5098.68,11150.53,5474.49,3684.26
2022-01-12,25957.94,11761.57,5182.91,11253.63,5646.88,3675.05
2022-01-13,25101.37,11608.31,5081.63,11025.12,5555.44,3672.5
2022-01-14,24876.81,11738.94,5136.64,11200.58,5533.49,3590.01
2022-01-17,24941.55,11969.28,5257.2,11254.89,5509.35,3589.65
2022-01-18,25236.79,11854.85,5264.47,11037.13,5526.63,3659.9
2022-01-19,25183.66,11564.48,5185.16,10816.13,5411.34,3683.04
2022-01-20,25582.76,11422.04,5118.63,10719.34,5360.86,3760.25
2022-01-21,25825.51,11398.95,5023.28,10395.03,5377.22,3745.03
2022-01-24,25513.33,11636.65,5077.01,10294.66,5459.19,3740.83
2022-01-25,24995.48,11291.4,4919.52,9990.04,5324.75,3678.05
2022-01-26,25093.28,11563.27,4953.54,9847.43,5361.94,3683.62
2022-01-27,24786.67,11202.87,4782.53,9665.79,5207.99,3667.61
2022-01-28,24180.63,11180.55,4758.41,9684.57,5133.86,3609.43
2022-02-07,24142.93,11284.92,4770.45,9759.98,5292.58,3723.58
2022-02-08,23789.06,10896.01,4683.72,9706.83,5302.74,3776.54
2022-02-09,24546.94,10968.64,4741.05,9834.63,5459.68,3761.11
2022-02-10,24400.81,10606.55,4720.24,9742.45,5504.89,3790.36
2022-02-11,24254.8,10265.67,4600.3,9419.72,5484.28,3833.17
2022-02-14,24530.19,10322.7,4581.41,9470.44,5513.51,3743.6
2022-02-15,24830.84,10728.3,4718.67,9792.19,5569.48,3695.66
2022-02-16,24947.82,10737.05,4709.97,9832.6,5601.09,3732.3
2022-02-17,24820.89,10966.42,4732.77,9784.56,5773.98,3743.2
2022-02-18,24975.16,10833.44,4709.68,9876.33,5775.5,3791.02
2022-02-21,24912.21,10803.47,4713.13,9965.83,5760.63,3772.32
2022-02-22,24260.75,10798.6,4678.81,9800.69,5858.18,3752.2
2022-02-23,24472.7,11165.78,4873.83,9965.47,5887.25,3719.88
2022-02-24,23686.07,11052.92,4782.19,9760.25,5833.08,3666.64
2022-02-25,24002.39,11293.93,4825.02,10044.76,5898.62,3649.63
2022-02-28,24000.44,11464.9,4816.32,10069.57,6015.64,3645.78
2022-03-01,24582.37,11497.6,4813.19,10103.61,5901.81,3678.73
2022-03-02,24347.15,11336.67,4746.64,10081.39,5960.21,3661.56
2022-03-03,23775.5,11124.75,4647.18,10060.83,5964.05,3690.21
2022-03-04,23531.77,10894.57,4619.47,10062.6,5841.93,3650.58
2022-03-07,22501.77,10502.07,4439.57,9795.53,5820.65,3574.25
2022-03-08,22448.81,10393.9,4391.41,9400.03,5537.25,3495.28
2022-03-09,22423.42,10464.88,4389.33,9184.49,5403.81,3436.38
2022-03-10,23029.13,10879.54,4436.19,9568.59,5456.07,3463.67
2022-03-11,23046.32,10833.9,4422.2,9854.38,5431.25,3481.89
2022-03-14,22090.02,10466.91,4280.27,9767.04,5218.14,3389.86
2022-03-15,20931.04,10207.5,4110.51,9339.99,4955.8,3230.56
2022-03-16,21676.64,10750.44,4285.81,9542.61,5152.56,3356.78
2022-03-17,22249.34,10906.89,4371.81,9861.66,5216.93,3395.51
2022-03-18,22210.35,10817.3,4363.21,9960.36,5273.57,3474.25
2022-03-21,22161.49,10943.89,4391.63,10154.6,5369.61,3424.89
2022-03-22,22003.1,10759.59,4357.44,9909.5,5409.75,3487.72
2022-03-23,22350.98,10844.24,4374.27,10065.42,5400.06,3463.84
2022-03-24,21929.04,10690.74,4280.83,10284.08,5444.91,3474.97
2022-03-25,21439.03,10379.31,4228.06,10013.8,5392.53,3469.95
2022-03-28,20995.84,10217.73,4188.78,9937.91,5313.29,3482.07
2022-03-29,20879.11,10178.25,4079.58,10023.99,5302.6,3487.71
2022-03-30,21695.0,10594.81,4182.23,10196.8,5372.17,3536.81
2022-03-31,21537.74,10307.48,4095.16,10157.23,5257.04,3586.03
2022-04-01,22060.72,10345.6,4097.08,9999.08,5286.53,3649.56
2022-04-06,21859.22,10085.66,4013.08,10048.84,5273.17,3705.85
2022-04-07,21774.06,9900.49,3928.6,9838.05,5214.42,3663.51
2022-04-08,21759.38,9861.18,3905.58,9665.97,5230.79,3693.8
2022-04-11,21076.0,9326.12,3714.1,9479.41,4970.24,3635.29
2022-04-12,22019.3,9484.76,3770.62,9680.07,5052.61,3638.03
2022-04-13,21927.51,9329.98,3682.36,9407.51,5163.39,3635.57
2022-04-14,22788.82,9272.74,3749.59,9504.79,5206.79,3627.04
2022-04-15,22715.91,9134.5,3741.61,9532.92,5077.2,3685.86
2022-04-18,22616.44,9338.94,3846.07,9478.85,5060.72,3576.3
2022-04-19,22464.64,9280.98,3775.06,9344.91,5103.52,3561.77
2022-04-20,22706.29,8901.92,3736.99,9169.02,4906.25,3520.59
2022-04-21,22343.74,8565.29,3651.18,8893.54,4691.81,3509.8
2022-04-22,22307.4,8504.44,3581.49,8833.06,4666.77,3572.06
2022-04-25,21257.26,7890.59,3300.67,8348.12,4272.57,3406.68
2022-04-26,21589.59,7697.91,3204.95,8359.09,4126.06,3393.25
2022-04-27,22101.59,8322.4,3394.14,8536.78,4411.51,3396.7
2022-04-28,22400.8,8322.87,3375.57,8480.17,4432.4,3462.34
2022-04-29,22461.22,8706.36,3525.66,8737.96,4644.74,3455.55
2022-05-05,22576.24,8624.03,3530.64,8844.28,4651.14,3442.35
2022-05-06,21877.19,8500.98,3443.76,8752.1,4489.48,3366.55
2022-05-09,21621.38,8546.99,3435.55,8799.77,4513.13,3313.61
2022-05-10,21891.86,8788.2,3536.09,8872.05,4573.13,3340.74
2022-05-11,22020.75,9157.35,3645.34,8993.1,4667.41,3328.64
2022-05-12,22129.76,9097.91,3661.39,9088.63,4626.5,3305.82
2022-05-13,22104.83,9170.11,3659.46,9111.49,4651.97,3344.83
2022-05-16,21846.08,9081.64,3624.73,8950.24,4672.4,3315.2
2022-05-17,21961.78,9375.63,3721.69,8843.68,4801.26,3357.14
2022-05-18,21840.68,9422.55,3744.07,8774.9,4789.6,3333.69
2022-05-19,21647.08,9697.68,3782.45,8761.21,4830.07,3314.18
2022-05-20,22394.38,9836.12,3819.61,8928.52,4973.57,3373.57
2022-05-23,22151.55,9782.63,3835.96,8981.57,5094.74,3355.11
2022-05-24,21802.09,9410.42,3678.69,8595.73,4912.64,3320.11
2022-05-25,21800.9,9486.94,3704.57,8678.62,4959.01,3329.19
2022-05-26,21764.72,9464.62,3711.76,8621.38,4967.65,3321.16
2022-05-27,21824.13,9443.46,3697.28,8659.14,4949.66,3341.31
2022-05-30,22310.42,9567.69,3727.97,8692.48,4994.94,3318.03
2022-05-31,22898.33,9788.71,3841.41,8838.33,5015.52,3336.68
2022-06-01,22682.31,9926.58,3828.45,8782.37,4966.13,3327.8
2022-06-02,22546.58,10159.34,3914.71,8679.32,5042.69,3306.05
2022-06-06,22788.51,10625.47,4019.03,8891.68,5282.7,3303.83
2022-06-07,23117.62,10565.67,3952.41,9069.11,5278.9,3338.98
2022-06-08,23526.83,10580.03,3935.51,9137.0,5370.55,3346.19
2022-06-09,23198.65,10346.76,3810.3,8933.59,5313.01,3390.8
2022-06-10,23571.26,10660.6,3885.74,9035.86,5441.93,3403.98
2022-06-13,23153.42,10735.98,3856.59,8953.5,5544.44,3333.57
2022-06-14,23412.77,10653.54,3804.82,8951.55,5501.9,3385.59
2022-06-15,23636.73,10599.01,3867.21,9028.51,5474.75,3448.47
2022-06-16,23647.17,10723.06,3915.75,9142.82,5474.57,3382.53
2022-06-17,24213.15,11131.1,3913.85,9306.64,5618.55,3378.13
2022-06-20,24409.56,11365.08,3958.85,9462.45,5563.84,3353.46
2022-06-21,24327.02,11275.49,3951.68,9394.57,5394.66,3385.11
2022-06-22,24022.24,11354.22,3825.03,9326.63,5372.74,3340.13
2022-06-23,24236.81,11697.58,3920.87,9340.68,5483.81,3371.41
2022-06-24,24752.51,12022.8,3987.82,9512.24,5471.0,3355.0
2022-06-27,25237.91,11984.64,4030.65,9612.25,5643.06,3392.49
2022-06-28,25425.38,12132.85,4164.59,9614.67,5748.14,3408.52
2022-06-29,25139.5,11611.3,4069.91,9565.15,5524.34,3411.45
2022-06-30,25886.41,11863.42,4150.05,9763.76,5615.58,3442.09
2022-07-01,25705.25,11725.82,4150.6,9735.73,5705.01,3425.88
2022-07-04,25610.76,11944.17,4067.16,10111.12,5788.17,3409.91
2022-07-05,25468.29,12002.52,4017.48,10093.04,5837.99,3411.2
2022-07-06,24967.38,11919.59,4040.67,9923.85,5705.14,3360.95
2022-07-07,24800.81,12323.61,4065.38,9781.79,5775.56,3355.7
2022-07-08,24905.03,12019.75,4101.96,9855.9,5714.77,3348.66
2022-07-11,24425.34,11752.48,4003.49,9837.73,5508.32,3345.02
2022-07-12,24266.72,11597.25,3904.6,9548.43,5418.4,3333.76
2022-07-13,24374.79,11958.24,3881.75,9524.8,5437.43,3254.11
2022-07-14,24232.9,12327.89,3922.52,9680.62,5458.17,3184.79
2022-07-15,24170.42,12158.48,3904.6,9456.23,5377.0,3108.49
2022-07-18,24133.19,12302.08,3939.12,9479.35,5488.09,3151.36
2022-07-19,24186.91,12001.53,3956.62,9414.49,5500.92,3165.27
2022-07-20,24350.98,12059.93,3985.94,9537.33,5563.9,3179.82
2022-07-21,24079.76,11910.17,4024.72,9512.92,5454.57,3124.13
2022-07-22,24040.16,11964.94,3979.68,9384.62,5444.46,3134.96
2022-07-25,24185.98,11643.76,3913.78,9406.69,5411.48,3146.84
2022-07-26,24361.14,11773.64,3939.54,9373.46,5505.46,3175.92
2022-07-27,24010.35,11951.33,3939.24,9297.92,5523.39,3158.98
2022-07-28,23904.6,11833.96,4064.81,9236.91,5536.14,3150.49
2022-07-29,23378.12,11818.36,4000.99,9031.09,5524.34,3121.72
2022-08-01,23488.46,12089.05,4092.06,9051.4,5595.36,3087.89
2022-08-02,23157.02,11781.58,4014.65,8766.44,5392.06,3044.04
2022-08-03,23113.08,11439.44,4041.72,8776.45,5324.68,3006.84
2022-08-04,23517.2,11448.11,4099.2,8956.72,5372.02,3037.7
2022-08-05,23712.64,11508.42,4258.7,9125.46,5490.03,3068.78
2022-08-08,23577.56,11599.31,4280.74,9125.25,5558.51,3052.14
2022-08-09,23515.45,11831.41,4303.63,9054.63,5597.29,3037.05
2022-08-10,23138.56,11761.42,4286.81,8943.37,5577.01,3018.48
2022-08-11,23556.96,11882.93,4419.77,9166.52,5585.33,3076.18
2022-08-12,23782.83,11674.26,4338.81,9193.86,5581.13,3081.54
2022-08-15,23574.2,12065.55,4346.8,9108.06,5668.01,3041.28
2022-08-16,23505.1,12238.48,4333.36,9037.12,5613.97,3042.56
2022-08-17,23614.84,12405.53,4385.44,9084.77,5562.98,3075.51
2022-08-18,23259.02,12512.49,4444.94,8954.51,5544.53,3039.26
2022-08-19,23190.64,12162.15,4333.63,8889.82,5417.85,3053.13
2022-08-22,23234.82,12253.24,4361.4,8950.0,5619.24,3047.75
2022-08-23,22929.19,12398.77,4343.78,8861.77,5583.25,3020.56
2022-08-24,22760.57,11889.87,4139.08,8721.15,5406.23,3011.47
2022-08-25,23195.06,11651.08,4113.21,8778.3,5378.05,3054.89
2022-08-26,23422.13,11537.51,4068.63,8789.77,5422.42,3059.47
2022-08-29,23175.65,11613.3,4057.91,8756.52,5390.52,3023.53
2022-08-30,23082.39,11432.63,4041.11,8763.58,5353.53,3039.2
2022-08-31,23548.72,10886.63,3954.84,8804.36,5166.24,3088.68
2022-09-01,23077.74,10796.41,3900.36,8807.05,5103.18,3074.76
2022-09-02,22816.42,10726.45,3978.87,8783.61,5072.21,3068.12
2022-09-05,22342.12,10829.42,3963.19,8680.01,5080.83,3078.37
2022-09-06,22470.23,11106.4,4000.55,8704.61,5240.56,3065.22
2022-09-07,22171.62,11312.03,4048.62,8660.89,5313.84,3051.09
2022-09-08,22168.74,11121.23,3987.96,8597.77,5274.57,3063.45
2022-09-09,22486.73,11065.27,3982.65,8763.01,5377.7,3116.84
2022-09-13,22775.98,11059.27,3989.1,8663.58,5422.56,3144.4
2022-09-14,22608.81,10803.97,3950.82,8616.32,5350.32,3117.68
2022-09-15,22718.91,10193.4,3831.48,8523.95,5176.34,3155.29
2022-09-16,22282.12,10036.04,3767.31,8262.32,4988.63,3090.47
2022-09-19,22463.11,10023.8,3712.6,8176.85,4983.12,3102.29
2022-09-20,22668.17,10258.96,3719.32,8196.69,5143.99,3071.6
2022-09-21,22380.03,10197.74,3685.98,8061.88,5183.63,3083.63
2022-09-22,22029.08,10212.43,3659.28,7926.22,5170.5,3074.26
2022-09-23,22111.94,10116.41,3571.77,7851.4,5066.51,3087.58
2022-09-26,22418.53,10240.29,3550.87,7763.61,4938.83,3038.0
2022-09-27,23112.37,10323.99,3623.33,8137.86,4942.51,3049.16
2022-09-28,23005.49,9942.18,3505.43,8058.53,4683.07,3051.3
2022-09-29,22921.31,10058.55,3493.43,8182.78,4744.83,3014.63
2022-09-30,22825.24,9726.37,3420.42,8203.47,4698.07,3034.49
2022-10-10,21752.61,9514.39,3273.34,8036.4,4600.69,2990.41
2022-10-11,21754.9,9761.61,3261.49,7954.87,4671.47,2980.8
2022-10-12,21611.77,10186.48,3405.48,8028.51,4759.33,2992.02
2022-10-13,21287.64,10148.78,3409.74,8234.54,4711.59,2943.86
2022-10-14,21744.53,10439.65,3492.56,8821.62,4828.35,2977.62
2022-10-17,21567.21,10344.43,3569.69,8908.68,4828.06,2973.82
2022-10-18,21447.96,10436.7,3557.92,9081.03,4813.22,2968.85
2022-10-19,20793.01,10399.64,3531.39,8912.35,4767.83,2933.28
2022-10-20,20742.11,10110.05,3600.84,8929.15,4703.93,2924.33
2022-10-21,20468.12,10167.6,3557.03,8939.26,4655.75,2910.95
2022-10-24,19272.53,9997.98,3539.68,8664.27,4655.07,2827.91
2022-10-25,19214.73,10134.36,3516.04,8468.82,4664.76,2823.36
2022-10-26,19198.9,10236.35,3603.67,8890.58,4710.05,2798.52
2022-10-27,18496.4,10053.76,3586.33,8873.49,4730.15,2792.36
2022-10-28,18018.29,9634.58,3474.34,8665.05,4552.58,2771.33
2022-10-31,17771.98,9608.91,3536.0,8670.85,4531.63,2738.01
2022-11-01,19016.67,10002.19,3611.77,8921.96,4717.44,2788.34
2022-11-02,19369.16,10149.31,3656.79,9042.71,4777.93,2786.63
2022-11-03,19100.31,10156.71,3708.24,8992.2,4776.48,2762.18
2022-11-04,20032.79,10596.85,3764.49,9152.09,4984.26,2817.93
2022-11-07,20058.61,10605.04,3773.18,9150.55,5094.07,2816.39
2022-11-08,19748.72,10535.29,3733.98,9091.86,5121.46,2814.67
2022-11-09,19473.9,10345.28,3705.82,9174.68,5124.1,2816.15
2022-11-10,19690.45,10108.84,3611.8,9132.58,5011.08,2821.42
2022-11-11,20246.51,10234.4,3650.59,9112.88,5127.57,2920.32
2022-11-14,20181.82,9930.87,3648.39,9425.67,5017.5,2985.56
2022-11-15,20701.33,10172.36,3849.29,9491.3,5082.68,2993.14
2022-11-16,20757.85,9961.77,3808.33,9461.07,5028.19,2974.17
2022-11-17,20607.25,9820.94,3852.81,9540.67,4947.68,2950.64
2022-11-18,20616.91,9876.24,3776.66,9673.36,4856.18,2933.72
2022-11-21,20112.02,9970.2,3774.9,9665.92,4875.34,2924.78
2022-11-22,20174.96,9724.8,3740.72,9373.55,4831.53,2977.86
2022-11-23,20105.39,9913.8,3706.49,9154.21,4854.31,2987.25
2022-11-24,19886.57,9920.03,3681.74,9278.13,4881.62,2981.86
2022-11-25,19875.77,9679.9,3641.41,9201.27,4842.93,3052.53
2022-11-28,19868.74,9652.01,3600.68,9121.2,4777.33,2995.92
2022-11-29,20754.27,9679.26,3657.17,9371.53,4843.74,3138.68
2022-11-30,20723.16,9738.09,3650.41,9309.53,4871.74,3124.74
2022-12-01,21401.0,9874.48,3689.22,9328.42,4943.64,3107.64
2022-12-02,21440.55,9935.09,3669.62,9309.95,4873.05,3082.75
2022-12-05,21847.33,9793.84,3679.06,9347.05,4951.19,3171.46
2022-12-06,22356.65,9858.65,3732.04,9226.56,4951.95,3165.56
2022-12-07,22399.31,9967.99,3699.35,9377.21,4940.79,3130.46
2022-12-08,22398.48,9993.58,3650.3,9386.07,4920.96,3156.99
2022-12-09,22987.65,9958.54,3670.25,9439.72,5002.23,3194.7
2022-12-12,22799.04,9823.85,3723.89,9612.37,4873.65,3129.95
2022-12-13,23001.32,9624.29,3658.03,9555.69,4886.65,3155.71
2022-12-14,23480.0,9545.32,3654.22,9376.94,4886.05,3169.03
2022-12-15,23299.43,9772.93,3716.55,9352.37,4881.96,3130.46
2022-12-16,23388.88,9583.36,3655.81,9473.69,4785.88,3169.45
2022-12-19,23129.1,9550.68,3566.77,9103.1,4749.72,3117.25
2022-12-20,22331.24,9491.57,3569.49,8938.14,4688.38,3071.57
2022-12-21,22621.39,9357.33,3524.68,8940.2,4659.66,3087.45
2022-12-22,23002.28,9109.96,3486.78,8897.78,4570.75,3099.47
2022-12-23,23138.97,9005.47,3441.72,8981.87,4556.3,3087.2
2022-12-26,22852.57,9395.97,3529.66,8963.95,4609.76,3071.08
2022-12-27,23050.76,9501.55,3560.57,8919.11,4685.87,3125.02
2022-12-28,22980.48,9415.15,3510.18,8947.2,4652.98,3156.62
2022-12-29,22783.08,9375.26,3497.57,9100.72,4604.68,3139.41
2022-12-30,22956.3,9348.25,3486.7,9069.94,4583.23,3158.22
2023-01-03,22685.87,9474.1,3554.59,9182.31,4705.32,3173.73
2023-01-04,22688.24,9297.21,3512.1,9210.36,4626.85,3238.1
2023-01-05,23611.09,9555.61,3558.6,9371.84,4685.66,3234.08
2023-01-06,23574.89,9810.71,3562.02,9288.82,4748.11,3227.64
2023-01-09,24056.41,9863.31,3592.85,9349.21,4884.33,3234.32
2023-01-10,24193.78,9957.21,3623.91,9423.52,4895.65,3197.95
2023-01-11,24037.66,9843.36,3594.17,9380.36,4877.9,3229.17
2023-01-12,23868.42,9946.86,3604.77,9341.99,4891.74,3230.08
2023-01-13,24529.91,9937.27,3595.54,9541.64,4904.07,3265.1
2023-01-16,24996.76,10020.98,3676.76,9767.22,4950.51,3274.62
2023-01-17,24770.48,10064.94,3738.02,9667.92,4936.75,3273.68
2023-01-18,24530.42,10102.61,3734.19,9609.97,4989.71,3274.45
2023-01-19,24425.06,10063.27,3802.02,9776.17,5018.43,3277.02
2023-01-20,24334.02,10234.98,3805.36,9779.75,5170.19,3284.26
2023-01-30,24744.34,10427.98,3865.51,9711.76,5220.39,3296.51
2023-01-31,24140.62,10453.33,3818.53,9566.21,5255.45,3263.33
2023-02-01,24237.59,10556.22,3885.17,9669.46,5411.91,3246.08
2023-02-02,24408.39,10452.23,3902.27,9744.43,5369.18,3227.63
2023-02-03,24168.14,10277.27,3916.82,9667.04,5302.8,3195.94
2023-02-06,23756.54,10212.57,3878.52,9548.89,5208.36,3164.74
2023-02-07,23729.05,10199.55,3881.4,9508.34,5254.99,3175.18
2023-02-08,23568.29,10201.42,3842.43,9531.35,5232.15,3169.31
2023-02-09,24116.63,10306.68,3966.2,9615.39,5252.77,3179.82
2023-02-10,24159.56,10158.03,3948.04,9604.07,5154.32,3175.53
2023-02-13,24884.76,10243.78,3964.68,9684.94,5174.95,3150.19
2023-02-14,24777.83,10239.78,3963.65,9734.51,5215.77,3163.77
2023-02-15,24732.39,10204.24,4028.4,9629.84,5169.6,3132.65
2023-02-16,24816.39,9984.91,3926.78,9553.54,5027.31,3129.22
2023-02-17,24552.09,9745.35,3818.01,9596.98,5019.45,3103.01
2023-02-20,25058.66,9826.53,3868.85,9690.02,5112.46,3187.51
2023-02-21,24861.33,9889.94,3872.21,9671.64,5199.18,3191.6
2023-02-22,24697.47,9822.29,3855.05,9639.89,5150.48,3167.15
2023-02-23,24480.66,9933.61,3853.47,9576.53,5167.85,3170.35
2023-02-24,24121.98,9804.62,3831.24,9509.41,5101.37,3143.17
2023-02-27,24368.47,9785.74,3770.89,9416.41,5061.12,3127.16
2023-02-28,24394.06,9824.03,3804.57,9577.38,5067.31,3139.45
2023-03-01,24651.71,9810.3,3852.09,9572.93,5133.68,3178.12
2023-03-02,24573.13,9642.63,3826.16,9469.68,5069.66,3187.21
2023-03-03,24429.92,9644.81,3861.06,9473.96,5055.96,3212.64
2023-03-06,24365.55,9819.88,3858.5,9515.46,5060.06,3161.51
2023-03-07,23929.44,9669.77,3744.66,9354.16,5008.9,3161.78
2023-03-08,23749.95,9611.19,3788.77,9329.62,4967.72,3141.78
2023-03-09,23600.25,9567.31,3813.04,9351.68,4962.98,3122.18
2023-03-10,23308.54,9496.25,3767.48,9325.39,4881.21,3079.51
2023-03-13,23662.49,9409.84,3776.55,9335.16,4920.95,3086.19
2023-03-14,23493.9,9256.22,3792.56,9264.99,4904.17,3061.86
2023-03-15,23246.39,9291.09,3813.64,9327.96,4897.48,3091.25
2023-03-16,23213.35,9000.3,3765.19,9284.98,4742.8,3095.85
2023-03-17,22950.65,8936.01,3811.67,9139.93,4777.89,3089.57
2023-03-20,22681.07,9028.23,3873.96,9001.43,4834.67,3082.25
2023-03-21,23282.11,9180.46,3888.9,9218.3,4898.63,3074.38
2023-03-22,23245.04,9205.54,3940.78,9240.16,4882.74,3103.49
2023-03-23,23394.36,9169.4,4051.06,9227.77,4925.6,3125.9
2023-03-24,23422.96,9220.28,4077.93,9126.2,4907.58,3092.08
2023-03-27,23226.58,9314.73,4036.44,9208.75,4893.33,3062.58
2023-03-28,23531.78,9202.58,3923.44,9253.76,4819.38,3076.49
2023-03-29,23659.46,9232.23,3985.11,9184.65,4801.7,3064.61
2023-03-30,23911.68,9287.5,4015.17,9196.19,4830.29,3086.51
2023-03-31,23968.48,9314.6,4027.21,9238.91,4865.39,3072.81
2023-04-03,23819.26,9323.3,4141.42,9139.89,4888.05,3077.59
2023-04-04,23995.8,9107.58,4161.28,9211.57,4860.8,3093.97
2023-04-06,23604.9,9126.64,4298.03,9274.21,4917.19,3080.49
2023-04-07,23511.34,9153.12,4296.67,9473.83,4891.04,3089.61
2023-04-10,23231.07,9324.32,4195.82,9468.83,4914.83,3095.48
2023-04-11,22843.22,9263.65,4204.15,9454.61,5027.65,3086.25
2023-04-12,22295.41,9132.33,4275.14,9409.91,5046.39,3097.93
2023-04-13,22521.84,9064.84,4131.05,9555.77,4995.56,3124.29
2023-04-14,22289.7,9162.01,4213.53,9546.25,5154.25,3137.23
2023-04-17,22661.22,9254.66,4170.11,9574.42,5193.47,3194.11
2023-04-18,22764.55,9312.39,4120.42,9473.55,5181.61,3226.94
2023-04-19,22642.95,9224.35,4093.0,9374.76,5169.78,3221.27
2023-04-20,22362.99,9008.23,4159.72,9237.68,5061.75,3213.75
2023-04-21,22204.74,8932.92,3943.31,9149.2,4943.16,3173.8
2023-04-24,21859.55,8774.26,3863.22,9131.18,4833.31,3145.83
2023-04-25,22164.1,8517.05,3755.13,8932.67,4703.7,3199.0
2023-04-26,22203.99,8933.09,3695.59,9008.79,4757.37,3174.55
2023-04-27,22328.53,8950.76,3665.89,9187.31,4754.04,3166.32
2023-04-28,22540.28,8931.96,3725.07,9198.21,4793.0,3201.38
2023-05-04,22408.65,8870.56,3661.02,9286.37,4795.19,3282.58
2023-05-05,22518.35,8740.0,3623.05,9127.08,4705.41,3321.28
2023-05-08,22256.18,8836.28,3627.46,9090.21,4770.45,3459.66
2023-05-09,22243.33,8666.95,3617.13,8953.85,4690.36,3424.99
2023-05-10,22160.14,8879.05,3599.09,8970.86,4720.98,3320.0
2023-05-11,22051.94,8993.71,3617.3,8927.33,4684.13,3309.5
2023-05-12,21857.74,8848.97,3568.43,8920.87,4538.95,3280.37
2023-05-15,22053.17,9105.64,3612.76,9023.63,4692.72,3314.56
2023-05-16,21860.0,9137.1,3628.38,9101.62,4664.32,3309.16
2023-05-17,21694.58,9175.2,3666.7,9063.89,4630.82,3283.7
2023-05-18,21558.92,9026.7,3683.42,9010.54,4623.86,3311.88
2023-05-19,21810.87,8997.09,3752.99,9122.26,4581.51,3263.62
2023-05-22,22378.62,9044.61,3728.76,9163.1,4585.82,3272.4
2023-05-23,22085.91,8934.53,3678.4,9196.28,4518.22,3215.24
2023-05-24,21789.28,8984.27,3686.93,9071.19,4494.46,3145.77
2023-05-25,21606.55,9050.72,3712.18,9002.72,4440.64,3133.51
2023-05-26,21564.41,8950.66,3749.64,9124.51,4438.38,3161.11
2023-05-29,21415.83,8762.54,3765.74,9115.89,4424.23,3170.83
2023-05-30,21177.12,8810.2,3788.54,9052.12,4418.38,3154.43
2023-05-31,20759.79,8667.72,3809.26,8968.47,4403.02,3133.09
2023-06-01,20881.24,8659.08,3818.84,8929.48,4436.23,3120.93
2023-06-02,21316.97,8797.19,3833.64,8935.36,4590.35,3161.03
2023-06-05,21024.59,8639.16,3850.06,8961.85,4542.49,3182.22
2023-06-06,20998.15,8538.09,3721.74,8773.46,4485.38,3177.68
2023-06-07,20796.59,8347.66,3755.05,8704.71,4451.38,3202.99
2023-06-08,20955.24,8325.79,3699.64,8625.35,4472.23,3262.77
2023-06-09,20912.89,8415.26,3751.47,8700.53,4518.69,3244.97
2023-06-12,21434.53,8456.6,3796.11,8658.21,4505.77,3205.32
2023-06-13,21490.15,8460.38,3863.08,8610.91,4503.8,3212.83
2023-06-14,21903.17,8374.34,3862.93,8626.79,4514.09,3163.5
2023-06-15,22247.6,8820.5,3846.4,8739.56,4554.89,3182.15
2023-06-16,22478.33,8915.9,3901.0,8753.04,4585.24,3173.14
2023-06-19,21960.67,8857.82,3957.65,8700.09,4508.26,3113.52
2023-06-20,21759.08,8864.56,3960.42,8645.98,4484.1,3095.77
2023-06-21,21549.35,8746.04,3839.6,8476.07,4406.19,3087.96
2023-06-26,21110.91,8744.32,3764.39,8398.1,4364.0,3037.72
2023-06-27,21186.96,8800.19,3797.16,8473.95,4437.42,3067.28
2023-06-28,21300.79,8862.13,3743.31,8453.2,4417.4,3066.95
2023-06-29,21022.19,8867.3,3794.61,8490.07,4398.67,3046.52
2023-06-30,20873.29,9021.42,3870.12,8565.25,4443.81,3068.63
2023-07-03,21363.54,9077.11,3882.86,8562.36,4525.39,3121.6
2023-07-04,21419.72,9048.99,3951.2,8576.13,4524.53,3092.83
2023-07-05,21107.71,8948.1,3918.0,8529.09,4615.23,3076.07
2023-07-06,20946.85,8876.49,3948.21,8399.2,4537.61,3043.18
2023-07-07,20847.95,8750.16,3896.83,8388.78,4522.89,3042.44
2023-07-10,20954.89,8949.6,3876.76,8420.03,4545.62,3043.05
2023-07-11,20996.66,8953.48,3962.42,8474.34,4579.56,3063.52
2023-07-12,20990.75,8982.2,3880.66,8390.16,4567.25,3060.84
2023-07-13,21528.37,9049.61,3991.41,8505.73,4653.49,3072.3
2023-07-14,21477.76,8908.22,4027.88,8464.32,4628.68,3071.55
2023-07-17,21205.97,8863.83,4010.96,8421.34,4568.59,3031.91
2023-07-18,21099.55,8822.02,4009.49,8394.39,4581.5,3009.65
2023-07-19,21059.5,8703.77,3970.1,8364.15,4594.28,3018.58
2023-07-20,21072.19,8654.07,3868.3,8322.58,4596.55,3023.76
2023-07-21,21513.41,8574.0,3844.16,8396.09,4555.61,3021.96
2023-07-24,21364.46,8494.49,3842.88,8459.06,4485.9,3008.85
2023-07-25,22167.19,8655.53,3898.69,8506.2,4619.99,3094.16
2023-07-26,22158.4,8647.8,3847.53,8561.25,4627.08,3090.42
2023-07-27,22286.62,8611.97,3790.57,8544.83,4583.95,3116.1
2023-07-28,22805.31,8678.71,3810.17,8627.69,4615.84,3211.66
2023-07-31,22802.55,8800.39,3838.26,8487.36,4676.04,3238.99
2023-08-01,22675.22,8729.89,3862.6,8438.12,4709.48,3219.21
2023-08-02,22565.21,8710.34,3865.37,8321.46,4679.59,3157.17
2023-08-03,22692.1,8805.35,3859.2,8462.14,4644.82,3198.82
2023-08-04,22734.77,8886.98,3869.82,8390.07,4667.53,3209.65
2023-08-07,22517.87,8850.89,3871.58,8151.73,4675.32,3179.74
2023-08-08,22549.91,8797.46,3845.52,8227.02,4691.77,3165.37
2023-08-09,22552.69,8755.21,3781.98,8337.18,4647.02,3172.14
2023-08-10,22454.22,8800.84,3783.02,8325.01,4636.14,3168.93
2023-08-11,21973.31,8604.28,3696.69,8265.97,4536.86,3108.02
2023-08-14,21678.0,8511.2,3686.99,8302.76,4501.52,3066.88
2023-08-15,21637.12,8375.63,3634.21,8305.77,4460.02,3099.83
2023-08-16,21642.53,8295.56,3568.43,8268.93,4415.5,3094.01
2023-08-17,21895.11,8355.06,3593.98,8278.32,4443.68,3068.89
2023-08-18,21477.66,8280.51,3520.44,8063.92,4352.81,3082.92
2023-08-21,21361.53,8116.55,3485.74,7994.24,4312.2,3033.63
2023-08-22,21317.62,8044.83,3542.67,7932.84,4356.73,3066.85
2023-08-23,21033.19,7839.55,3452.24,7803.01,4258.65,3058.33
2023-08-24,21497.67,7915.17,3487.42,7917.45,4327.06,3045.18
2023-08-25,21412.09,7833.51,3389.81,7852.96,4257.82,3070.93
2023-08-28,21342.48,7907.88,3419.65,7907.06,4272.34,3118.87
2023-08-29,21608.56,8142.76,3546.58,8084.42,4335.28,3076.91
2023-08-30,21591.5,8139.32,3624.36,8083.6,4354.3,3040.11
2023-08-31,21468.31,8067.49,3647.27,8083.63,4310.88,3030.18
2023-09-01,21736.54,8062.85,3629.08,8036.41,4400.48,3060.59
2023-09-04,22192.45,8130.81,3687.49,8081.5,4537.5,3122.16
2023-09-05,22004.95,8148.73,3690.18,8051.81,4518.99,3086.19
2023-09-06,21992.94,8103.91,3751.9,7963.32,4506.53,3095.94
2023-09-07,21697.33,7882.66,3650.52,7837.05,4432.66,3085.79
2023-09-08,21530.03,7807.99,3673.65,7852.32,4401.57,3076.91
2023-09-11,21690.86,7850.65,3687.72,8058.12,4458.2,3083.43
2023-09-12,21641.47,7830.41,3683.34,8088.47,4443.49,3077.93
2023-09-13,21643.13,7731.37,3618.63,8012.04,4422.67,3078.44
2023-09-14,21546.78,7644.3,3579.73,8034.46,4442.73,3107.61
2023-09-15,21261.24,7562.77,3588.55,8186.03,4452.66,3093.12
2023-09-18,21586.13,7652.39,3573.64,8281.01,4461.37,3097.21
2023-09-19,21482.45,7563.16,3539.16,8262.46,4436.07,3114.21
2023-09-20,21395.07,7473.38,3504.86,8230.31,4399.03,3125.05
2023-09-21,21047.44,7395.65,3503.26,8135.08,4354.76,3106.34
2023-09-22,21514.67,7541.79,3600.68,8214.71,4366.47,3139.23
2023-09-25,21355.81,7510.14,3568.33,8329.72,4325.81,3138.78
2023-09-26,21163.52,7441.0,3535.73,8278.78,4284.36,3125.81
2023-09-27,21179.52,7587.86,3530.46,8464.63,4277.84,3107.77
2023-09-28,20987.51,7607.06,3598.55,8430.98,4271.25,3114.79
2023-10-09,20835.86,7539.28,3635.51,8438.22,4265.76,3095.96
2023-10-10,20740.62,7476.16,3669.46,8290.98,4278.75,3086.27
2023-10-11,20823.86,7464.88,3730.53,8470.33,4244.1,3082.77
2023-10-12,20872.23,7600.0,3752.65,8535.75,4354.25,3124.8
2023-10-13,20497.94,7461.55,3774.74,8599.48,4291.17,3125.62
2023-10-16,20180.71,7306.26,3688.28,8490.34,4249.43,3122.2
2023-10-17,20193.64,7335.8,3694.03,8448.92,4234.27,3132.23
2023-10-18,20113.69,7229.62,3641.21,8277.42,4163.91,3124.32
2023-10-19,19390.77,7153.81,3633.85,8116.65,4117.47,3053.22
2023-10-20,19383.25,7203.73,3551.42,8007.66,4132.91,3047.68
2023-10-23,19316.38,6990.61,3487.02,7929.9,4011.07,3026.16
2023-10-24,19400.12,7029.81,3536.13,8027.94,4091.83,3006.92
2023-10-25,19859.27,7016.99,3559.82,7984.28,4125.84,3013.85
2023-10-26,19917.17,6991.34,3567.52,8045.1,4138.73,3040.69
2023-10-27,20224.04,7225.14,3626.51,8375.74,4200.73,3036.91
2023-10-30,20395.19,7303.88,3780.89,8586.14,4240.09,2986.8
2023-10-31,20453.6,7196.38,3757.84,8589.0,4232.15,2993.33
2023-11-01,20984.17,7167.65,3733.09,8554.47,4211.72,2991.64
2023-11-02,20801.71,7034.86,3680.46,8503.96,4162.69,3009.71
2023-11-03,21087.06,7151.79,3783.02,8515.42,4174.63,3002.18
2023-11-06,21096.68,7393.02,3886.42,8703.41,4201.84,3003.03
2023-11-07,20964.79,7362.38,3912.8,8664.87,4191.05,3000.1
2023-11-08,20953.98,7363.89,3913.34,8764.87,4154.61,2987.17
2023-11-09,20923.88,7425.14,3857.85,8656.43,4158.63,3000.73
2023-11-10,20725.28,7342.99,3860.67,8675.06,4141.67,2977.84
2023-11-13,20581.67,7369.08,3878.13,8618.43,4170.98,2964.02
2023-11-14,20596.02,7335.15,3917.96,8636.71,4161.26,2971.86
2023-11-15,20721.63,7431.2,3922.5,8678.86,4235.71,2985.28
2023-11-16,20541.05,7264.96,3868.09,8573.01,4183.1,2981.59
2023-11-17,20442.24,7293.82,3893.95,8660.38,4211.32,2964.51
2023-11-20,20532.64,7321.07,3889.67,8757.04,4213.43,2981.04
2023-11-21,20797.8,7265.75,3833.2,8756.34,4218.35,2987.03
2023-11-22,20666.89,7112.55,3768.0,8678.24,4139.79,2976.58
2023-11-23,20679.07,7160.17,3817.5,8766.57,4161.17,2976.11
2023-11-24,20638.2,7042.44,3749.18,8799.41,4116.56,2976.78
2023-11-27,20394.25,6971.38,3796.45,8718.07,4097.48,2954.96
2023-11-28,20413.11,7018.9,3819.11,8838.2,4108.6,2943.15
2023-11-29,20394.59,6926.78,3816.6,8768.49,4119.82,2908.82
2023-11-30,20556.82,6883.39,3785.94,8837.55,4091.26,2921.54
2023-12-01,20275.54,6841.85,3796.65,8843.95,4089.67,2915.9
2023-12-04,20058.03,6770.48,3767.24,8710.3,4138.72,2906.68
2023-12-05,19664.25,6655.56,3668.01,8635.7,4059.46,2863.84
2023-12-06,19669.99,6751.34,3670.33,8658.66,4140.34,2852.66
2023-12-07,19600.23,6700.84,3651.97,8564.98,4108.11,2859.29
2023-12-08,19612.78,6677.66,3717.73,8613.85,4075.84,2853.25
2023-12-11,19437.06,6713.14,3763.73,8672.51,4055.13,2867.42
2023-12-12,19580.37,6671.34,3766.27,8646.23,4042.46,2899.29
2023-12-13,18970.14,6538.56,3728.06,8639.5,3978.19,2864.34
2023-12-14,18711.11,6509.3,3704.59,8588.56,3976.64,2853.67
2023-12-15,18761.95,6494.42,3680.35,8445.09,4000.43,2841.87
2023-12-18,18773.2,6331.97,3629.32,8430.25,3949.98,2849.46
2023-12-19,18815.94,6383.04,3668.99,8376.37,3942.47,2847.07
2023-12-20,18546.74,6312.65,3630.47,8311.52,3939.95,2838.64
2023-12-21,18817.58,6480.47,3649.22,8331.38,3969.85,2851.31
2023-12-22,18792.58,6543.19,3606.68,8240.09,4023.38,2853.55
2023-12-25,18898.96,6569.44,3611.28,8270.71,4043.94,2856.32
2023-12-26,18799.33,6517.9,3535.42,8199.9,4028.66,2849.55
2023-12-27,18850.8,6489.02,3594.61,8249.08,4056.87,2860.38
2023-12-28,19521.04,6876.69,3660.08,8334.09,4163.23,2883.69
2023-12-29,19526.97,6900.21,3739.53,8430.68,4184.7,2908.9
2024-01-02,19075.9,6787.07,3677.81,8388.46,4192.98,2877.55
2024-01-03,19050.9,6779.93,3606.05,8382.23,4183.68,2891.12
2024-01-04,18721.11,6669.15,3560.47,8335.72,4143.23,2897.72
2024-01-05,18579.52,6558.75,3499.43,8166.33,4114.87,2928.6
2024-01-08,18316.53,6484.38,3402.17,8010.64,4058.59,2908.0
2024-01-09,18304.92,6536.99,3395.88,8034.62,4093.8,2918.06
2024-01-10,18448.94,6591.49,3350.58,7965.3,4074.42,2903.52
2024-01-11,18529.42,6733.25,3406.29,8040.69,4129.63,2899.06
2024-01-12,18475.01,6740.49,3348.77,7945.64,4123.21,2919.46
2024-01-15,18407.2,6663.54,3361.3,7963.66,4084.82,2936.72
2024-01-16,18446.74,6749.15,3351.16,7942.62,4076.13,2972.62
2024-01-17,17857.62,6544.26,3252.89,7726.29,3941.64,2953.03
2024-01-18,18144.27,6663.6,3292.17,7739.72,3937.23,2959.17
2024-01-19,18275.6,6539.69,3271.74,7699.9,3914.14,2958.59
2024-01-22,17973.9,6311.42,3132.95,7366.78,3728.86,2952.48
2024-01-23,17851.47,6357.91,3161.36,7415.73,3761.12,2949.9
2024-01-24,17930.85,6327.44,3162.02,7468.87,3815.41,2995.39
2024-01-25,18220.64,6436.13,3250.21,7638.7,3933.43,3042.24
2024-01-26,18210.01,6316.86,3164.65,7489.66,3941.99,3089.78
2024-01-29,18281.67,6044.55,3067.71,7320.14,3869.98,3116.54
2024-01-30,17780.05,5867.57,2954.65,7138.24,3789.99,3085.67
2024-01-31,17542.95,5774.01,2845.33,6863.18,3672.0,3088.49
2024-02-01,17570.88,5757.42,2867.95,6865.74,3657.04,3068.32
2024-02-02,17400.65,5550.85,2757.84,6620.02,3557.73,3071.62
2024-02-05,17532.57,5387.54,2658.93,6500.61,3437.51,3106.44
2024-02-06,18188.15,5714.21,2822.03,6978.73,3608.94,3144.51
2024-02-07,18526.96,5850.15,2877.86,7192.83,3722.67,3122.99
2024-02-08,18546.57,6018.71,2996.03,7302.33,3802.08,3107.92
2024-02-19,18579.79,6016.8,3066.28,7295.14,3842.77,3167.05
2024-02-20,18430.1,5986.4,3066.3,7371.05,3859.99,3190.15
2024-02-21,19059.16,6062.27,3075.62,7391.6,3890.15,3275.67
2024-02-22,19132.45,6111.5,3138.43,7427.17,3938.94,3278.79
2024-02-23,19162.04,6191.73,3176.29,7455.14,3990.54,3297.12
2024-02-26,18955.61,6186.84,3199.36,7498.71,3955.12,3214.42
2024-02-27,18963.44,6297.45,3327.34,7604.36,4006.26,3217.04
2024-02-28,18761.04,6137.57,3140.62,7417.08,3924.15,3208.91
2024-02-29,19058.0,6364.01,3313.24,7583.92,4037.77,3223.97
2024-03-01,19025.8,6429.26,3399.23,7583.45,4073.16,3220.28
2024-03-04,18878.29,6458.46,3427.66,7720.65,4094.6,3193.07
2024-03-05,19059.34,6375.73,3411.88,7639.24,4096.28,3249.91
2024-03-06,18836.06,6506.33,3392.42,7592.52,4126.48,3223.11
2024-03-07,18789.31,6361.01,3326.21,7378.98,4216.67,3236.24
2024-03-08,18676.85,6468.93,3418.08,7413.3,4256.2,3231.84
2024-03-11,19050.55,6867.19,3464.27,7603.8,4310.33,3223.7
2024-03-12,19721.74,6880.9,3467.33,7739.34,4226.03,3196.27
2024-03-13,19566.38,6851.09,3467.36,7710.77,4261.22,3170.62
2024-03-14,19512.15,6775.09,3408.69,7743.16,4323.72,3165.66
2024-03-15,19632.63,6756.56,3443.91,7754.07,4472.6,3186.92
2024-03-18,19646.2,6939.44,3537.73,7862.34,4485.88,3179.97
2024-03-19,19769.54,6852.98,3526.74,7762.29,4464.0,3152.0
2024-03-20,19732.13,6886.72,3536.29,7783.01,4459.47,3176.27
2024-03-21,19759.93,6828.56,3524.2,7720.03,4488.01,3199.2
2024-03-22,19464.81,6685.05,3503.91,7588.74,4379.43,3188.11
2024-03-25,19278.23,6570.24,3397.82,7479.01,4393.73,3201.46
2024-03-26,19538.81,6693.38,3373.12,7448.94,4380.65,3247.39
2024-03-27,19324.56,6468.25,3245.74,7359.22,4310.61,3260.88
2024-03-28,19324.12,6537.49,3325.7,7397.23,4401.59,3215.74
2024-03-29,19355.95,6600.94,3348.59,7412.1,4542.31,3217.12
2024-04-01,19731.52,6797.72,3426.85,7541.28,4635.44,3247.85
2024-04-02,19612.02,6838.21,3370.22,7467.97,4698.45,3252.55
2024-04-03,19606.73,6758.31,3339.1,7455.44,4851.44,3234.39
2024-04-08,19009.4,6612.29,3256.91,7296.98,4835.85,3252.76
2024-04-09,19007.21,6754.17,3286.9,7438.61,4858.69,3237.8
2024-04-10,18770.64,6623.03,3190.63,7316.08,4884.17,3241.54
2024-04-11,18741.46,6653.13,3182.06,7278.44,4874.95,3234.28
2024-04-12,18496.25,6510.42,3194.53,7229.6,4926.96,3216.55
2024-04-15,18940.52,6560.68,3184.32,7219.71,4884.99,3275.9
2024-04-16,18711.0,6334.69,3052.03,7034.98,4643.89,3276.8
2024-04-17,18794.01,6525.22,3197.3,7191.4,4773.06,3332.83
2024-04-18,18864.61,6508.15,3184.14,7151.11,4838.75,3365.84
2024-04-19,18633.06,6363.53,3111.95,7106.83,4812.94,3360.77
2024-04-22,18934.21,6329.69,3102.42,7164.25,4694.74,3336.03
2024-04-23,19113.38,6285.93,3101.32,7227.58,4500.7,3332.61
2024-04-24,19158.85,6289.55,3176.49,7233.87,4570.02,3322.76
2024-04-25,19122.35,6317.26,3181.61,7301.45,4588.22,3370.22
2024-04-26,19379.96,6429.89,3274.19,7421.62,4714.86,3324.27
2024-04-29,19499.53,6684.59,3371.38,7573.23,4697.25,3358.22
2024-04-30,19506.75,6549.8,3336.74,7606.12,4651.51,3373.57
2024-05-06,20069.88,6691.14,3390.94,7825.68,4700.62,3373.48
2024-05-07,20128.95,6704.92,3375.01,7857.34,4727.82,3371.84
2024-05-08,19987.61,6590.06,3319.76,7823.47,4691.53,3373.29
2024-05-09,19989.3,6786.95,3370.37,7896.46,4809.13,3380.71
2024-05-10,19842.46,6716.15,3306.89,7804.37,4845.34,3419.05
2024-05-13,19506.37,6677.24,3276.05,7747.94,4779.83,3441.66
2024-05-14,19543.29,6645.14,3281.48,7803.86,4814.87,3420.76
2024-05-15,19457.12,6574.82,3251.95,7683.41,4767.4,3418.7
2024-05-16,19553.87,6555.86,3271.77,7643.7,4725.79,3479.55
2024-05-17,19766.02,6603.11,3319.93,7638.61,4801.02,3519.63
2024-05-20,19832.49,6612.49,3322.24,7646.43,4979.91,3503.73
2024-05-21,19811.8,6534.63,3315.82,7578.76,4826.01,3530.74
2024-05-22,19661.84,6712.47,3338.49,7540.15,4790.34,3547.04
2024-05-23,19450.41,6580.83,3287.36,7421.55,4627.52,3525.23
2024-05-24,19225.42,6521.37,3204.22,7353.06,4623.18,3495.16
2024-05-27,19230.74,6552.5,3272.84,7395.33,4701.25,3537.37
2024-05-28,19063.62,6516.99,3244.95,7322.98,4700.59,3524.11
2024-05-29,19075.16,6591.81,3240.21,7299.26,4823.86,3494.26
2024-05-30,18801.93,6571.26,3291.69,7273.01,4666.94,3466.95
2024-05-31,18790.11,6512.23,3295.17,7284.24,4638.44,3473.38
2024-06-03,18730.88,6496.61,3334.64,7209.87,4539.08,3441.07
2024-06-04,18896.58,6611.95,3315.51,7307.34,4585.5,3454.97
2024-06-05,18633.18,6516.98,3308.9,7270.82,4478.48,3421.11
2024-06-06,18479.31,6381.9,3297.36,7151.27,4512.5,3414.05
2024-06-07,18282.1,6254.6,3279.85,7138.19,4517.8,3432.17
2024-06-11,17882.77,6250.78,3367.99,7210.48,4412.52,3372.29
2024-06-12,17904.31,6226.57,3389.23,7216.72,4460.65,3358.81
2024-06-13,17678.51,6230.28,3413.2,7147.63,4380.53,3335.89
2024-06-14,17753.29,6228.45,3433.14,7084.96,4402.17,3346.23
2024-06-17,17656.79,6293.86,3511.88,7083.59,4352.09,3317.64
2024-06-18,17433.44,6337.18,3535.94,7047.8,4380.26,3328.09
2024-06-19,17281.95,6210.43,3519.89,6964.1,4402.01,3364.49
2024-06-20,17099.37,6085.11,3490.21,6866.7,4374.08,3347.07
2024-06-21,16864.66,6045.85,3496.92,6892.46,4340.52,3338.06
2024-06-24,16869.92,5938.19,3402.14,6737.99,4259.45,3344.2
2024-06-25,16907.66,5855.06,3298.55,6707.23,4261.06,3359.53
2024-06-26,16943.71,5937.52,3397.5,6844.43,4315.05,3360.65
2024-06-27,16811.16,5829.65,3353.74,6703.73,4208.21,3388.6
2024-06-28,16576.06,5826.76,3400.38,6652.73,4298.49,3404.03
2024-07-01,16471.8,5805.41,3388.48,6700.61,4400.83,3446.08
2024-07-02,16759.14,5728.86,3338.92,6653.06,4341.11,3501.34
2024-07-03,16731.71,5706.06,3349.97,6585.15,4335.52,3468.22
2024-07-04,16521.12,5627.79,3301.33,6458.65,4303.02,3473.93
2024-07-05,16301.15,5641.44,3299.82,6659.91,4410.68,3399.32
2024-07-08,15943.44,5531.65,3284.42,6472.63,4356.34,3415.73
2024-07-09,16091.64,5591.5,3436.0,6484.87,4442.46,3432.76
2024-07-10,16086.83,5537.9,3456.84,6464.56,4370.47,3422.35
2024-07-11,16457.17,5699.03,3522.3,6629.33,4536.43,3368.41
2024-07-12,16493.58,5731.77,3501.8,6654.55,4455.36,3427.63
2024-07-15,16464.06,5646.84,3475.52,6571.36,4489.58,3458.17
2024-07-16,16435.42,5711.04,3576.94,6563.6,4527.43,3438.76
2024-07-17,16762.1,5686.72,3491.89,6651.31,4401.01,3454.61
2024-07-18,16785.53,5775.2,3473.29,6714.18,4401.01,3446.7
2024-07-19,17043.18,5820.83,3517.99,6740.49,4324.87,3440.11
2024-07-22,16751.29,5839.0,3523.16,6782.23,4275.94,3386.57
2024-07-23,16192.16,5704.68,3388.03,6562.32,4070.43,3415.82
2024-07-24,15999.01,5646.62,3335.17,6467.16,4035.55,3409.41
2024-07-25,15968.0,5732.25,3291.08,6459.5,3927.7,3379.45
2024-07-26,15963.41,5804.27,3332.05,6469.65,4018.49,3329.28
2024-07-29,15700.7,5704.65,3317.3,6385.73,4020.55,3375.64
2024-07-30,15602.61,5692.94,3324.05,6370.39,3987.57,3362.05
2024-07-31,16121.65,5856.07,3438.74,6667.56,4144.76,3354.69
2024-08-01,15770.54,5777.23,3449.41,6623.19,4135.38,3360.91
2024-08-02,15740.93,5685.63,3347.95,6677.54,4060.51,3346.46
2024-08-05,15898.91,5596.4,3179.15,6638.19,3960.68,3319.4
2024-08-06,15963.82,5695.31,3218.79,6763.27,3957.47,3284.46
2024-08-07,16042.52,5710.75,3198.73,6714.98,3971.15,3289.96
2024-08-08,16287.62,5667.23,3206.65,6756.0,3932.47,3297.37
2024-08-09,16228.26,5600.07,3220.43,6649.96,3944.74,3311.6
2024-08-12,16198.99,5574.52,3197.37,6739.21,3939.73,3305.33
2024-08-13,16035.37,5641.83,3233.09,6687.32,3969.71,3319.66
2024-08-14,15860.74,5558.33,3210.97,6591.78,3916.76,3317.21
2024-08-15,15967.7,5602.59,3231.53,6623.87,3951.85,3360.94
2024-08-16,15923.02,5547.27,3241.8,6653.23,3954.15,3399.64
2024-08-19,15851.6,5520.69,3223.51,6580.03,4019.78,3464.05
2024-08-20,15718.22,5447.33,3186.18,6469.35,3969.45,3473.51
2024-08-21,15638.24,5433.18,3190.29,6406.85,4007.64,3448.53
2024-08-22,15463.43,5419.55,3148.86,6359.65,3954.6,3477.75
2024-08-23,15476.12,5403.16,3149.13,6321.08,3938.76,3497.02
2024-08-26,15368.52,5481.51,3152.09,6294.75,3993.84,3501.42
2024-08-27,15300.02,5406.08,3082.49,6299.26,3940.34,3510.44
2024-08-28,15042.29,5418.96,3089.99,6298.3,3919.79,3482.84
2024-08-29,15353.82,5534.94,3141.82,6384.78,3960.86,3370.67
2024-08-30,15727.09,5636.39,3257.2,6448.82,3980.48,3296.08
2024-09-02,15205.92,5534.81,3162.9,6324.71,3888.56,3308.69
2024-09-03,15384.6,5656.86,3187.7,6365.28,3898.69,3251.14
2024-09-04,15250.18,5684.54,3152.51,6375.26,3802.7,3239.87
2024-09-05,15349.88,5682.27,3153.69,6441.25,3802.72,3234.81
2024-09-06,15171.76,5584.37,3085.63,6316.92,3776.46,3240.62
2024-09-09,14969.97,5545.23,3066.08,6323.1,3700.9,3182.17
2024-09-10,14996.23,5524.45,3096.74,6264.68,3702.69,3206.71
2024-09-11,14998.77,5651.47,3071.72,6288.46,3734.69,3132.76
2024-09-12,14638.36,5668.23,3039.54,6222.7,3727.88,3155.18
2024-09-13,14331.42,5537.82,3014.87,6155.55,3725.17,3145.38
2024-09-18,14118.56,5542.73,2982.9,6115.9,3753.36,3176.72
2024-09-19,14361.95,5584.33,3008.55,6188.38,3864.64,3176.98
2024-09-20,14358.56,5517.37,3009.82,6106.92,3919.14,3200.96
2024-09-23,14379.52,5496.57,2998.71,6070.89,3912.76,3252.39
2024-09-24,15347.59,5721.55,3119.15,6277.48,4065.63,3390.82
2024-09-25,15502.4,5804.61,3131.75,6361.7,4113.1,3457.75
2024-09-26,16865.1,5952.27,3232.82,6623.97,4258.04,3583.68
2024-09-27,18099.82,6406.21,3435.35,7040.11,4425.15,3552.99
2024-09-30,19603.06,7164.63,3879.86,7825.19,4760.66,3720.81
2024-10-08,19809.29,8019.98,4390.8,8490.25,4884.56,3829.94
2024-10-09,18164.73,7142.11,4228.59,7743.31,4485.86,3592.49
2024-10-10,18565.56,7135.87,4102.22,7722.6,4557.23,3733.43
2024-10-11,18139.63,6774.66,3879.21,7355.35,4463.82,3692.21
2024-10-14,18229.23,6930.31,4036.93,7451.47,4606.38,3815.79
2024-10-15,17652.77,6744.85,3961.51,7279.49,4455.6,3735.35
2024-10-16,17398.34,6616.0,3893.82,7217.5,4495.9,3829.09
2024-10-17,17051.26,6543.66,3920.25,7165.26,4437.03,3770.91
2024-10-18,17563.08,6904.87,4253.52,7431.72,4546.37,3788.79
2024-10-21,17525.31,7040.44,4366.36,7502.18,4665.83,3742.17
2024-10-22,17780.36,7168.28,4355.44,7590.07,4697.31,3742.36
2024-10-23,18027.2,7336.32,4300.84,7579.26,4691.57,3756.97
2024-10-24,17792.9,7153.87,4299.11,7543.74,4629.39,3747.31
2024-10-25,17948.45,7533.16,4344.57,7662.99,4654.05,3725.02
2024-10-28,18269.86,7549.34,4359.28,7775.72,4691.19,3694.29
2024-10-29,17885.09,7403.18,4346.64,7592.21,4628.88,3695.41
2024-10-30,17745.34,7375.69,4356.92,7497.19,4594.2,3650.41
2024-10-31,17752.08,7475.8,4448.24,7487.07,4590.56,3627.45
2024-11-01,17879.31,7320.41,4249.93,7440.64,4730.3,3663.09
2024-11-04,18117.81,7462.86,4341.28,7542.34,4756.99,3692.99
2024-11-05,18471.87,7707.26,4520.85,7706.45,4914.57,3721.8
2024-11-06,18405.37,7705.03,4521.87,7690.86,4943.45,3688.64
2024-11-07,19550.64,7766.18,4607.09,7930.22,4937.17,3766.22
2024-11-08,19153.06,7769.62,4647.75,7918.77,4894.26,3713.11
2024-11-11,19013.97,8021.03,4863.75,8023.5,4905.29,3661.15
2024-11-12,18859.79,7962.63,4785.2,8100.18,4829.52,3625.17
2024-11-13,18852.12,8068.94,4779.65,8005.57,4850.67,3644.8
2024-11-14,18655.12,7822.81,4600.29,7769.56,4694.03,3652.57
2024-11-15,18471.12,7562.85,4455.05,7608.26,4614.97,3639.42
2024-11-18,18275.41,7436.77,4321.67,7483.81,4526.29,3712.47
2024-11-19,18212.25,7670.44,4458.61,7598.4,4678.92,3702.48
2024-11-20,18289.94,7695.45,4488.44,7790.15,4702.87,3684.12
2024-11-21,18289.89,7728.78,4484.95,7762.84,4723.04,3679.38
2024-11-22,17716.59,7436.96,4308.26,7428.77,4600.61,3596.91
2024-11-25,17680.38,7529.41,4266.3,7458.44,4587.66,3602.39
2024-11-26,17827.14,7368.51,4233.09,7464.81,4526.69,3635.57
2024-11-27,18040.75,7523.92,4356.0,7599.42,4567.69,3673.32
2024-11-28,17931.57,7446.32,4331.11,7550.63,4516.71,3663.77
2024-11-29,18180.27,7566.53,4410.74,7647.86,4572.59,3664.47
2024-12-02,18314.23,7655.13,4481.04,7766.98,4614.4,3652.0
2024-12-03,18309.28,7652.81,4435.34,7743.44,4614.16,3709.1
2024-12-04,18176.81,7490.26,4401.68,7623.38,4617.87,3713.81
2024-12-05,18073.9,7500.52,4423.06,7628.19,4593.1,3706.86
2024-12-06,18214.37,7588.83,4481.64,7771.67,4636.23,3750.52
2024-12-09,18161.92,7565.58,4435.16,7774.07,4645.78,3762.09
2024-12-10,18551.02,7569.61,4482.19,7773.85,4658.77,3804.43
2024-12-11,18692.99,7543.91,4541.28,7811.64,4717.77,3758.61
2024-12-12,19131.26,7606.67,4550.49,7879.2,4743.58,3806.69
2024-12-13,18580.97,7425.94,4491.65,7699.14,4597.29,3730.31
2024-12-16,18410.55,7347.4,4411.84,7634.98,4534.73,3765.32
2024-12-17,18460.89,7315.33,4362.33,7511.75,4498.61,3757.18
2024-12-18,18477.63,7309.94,4461.18,7524.2,4490.01,3800.14
2024-12-19,18236.22,7311.31,4542.54,7505.59,4471.53,3765.47
2024-12-20,18159.34,7269.76,4651.29,7535.2,4455.03,3760.35
2024-12-23,18032.56,7179.69,4527.93,7388.08,4429.12,3822.95
2024-12-24,18217.71,7315.83,4595.3,7450.12,4473.42,3874.16
2024-12-25,18108.02,7236.64,4555.97,7386.24,4417.31,3915.94
2024-12-26,18086.6,7223.34,4665.28,7353.51,4447.18,3907.11
2024-12-27,18119.06,7228.41,4620.75,7391.22,4424.79,3904.72
2024-12-30,18002.49,7255.17,4619.65,7363.24,4440.0,3952.93
2024-12-31,17958.34,7112.74,4432.25,7222.31,4317.99,3909.35
2025-01-02,17623.89,6911.62,4273.61,7062.31,4280.14,3823.51
2025-01-03,17369.14,6748.31,4177.03,6980.12,4291.44,3797.19
2025-01-06,16966.57,6775.92,4134.74,7072.41,4323.39,3828.06
2025-01-07,16991.61,6818.44,4311.91,6976.42,4424.98,3849.33
2025-01-08,16998.92,6790.02,4294.72,6931.82,4366.16,3876.49
2025-01-09,17002.72,6807.8,4327.27,6888.27,4394.85,3844.19
2025-01-10,16767.84,6658.67,4254.64,6764.34,4377.31,3817.45
2025-01-13,16840.34,6656.48,4231.76,6790.4,4456.58,3773.19
2025-01-14,17202.77,6922.63,4430.43,6991.53,4533.26,3826.22
2025-01-15,17142.19,6859.14,4387.11,6917.52,4474.13,3857.11
2025-01-16,16995.85,6885.92,4351.44,6918.32,4553.92,3893.0
2025-01-17,17120.1,6902.59,4428.33,6944.83,4572.87,3867.6
2025-01-20,17234.35,7051.35,4471.29,7021.9,4549.9,3851.04
2025-01-21,17145.46,7017.99,4548.65,6998.21,4528.65,3850.67
2025-01-22,16836.36,6923.61,4546.5,6935.81,4521.65,3779.85
2025-01-23,16830.52,6879.9,4479.34,6925.24,4482.91,3866.82
2025-01-24,16761.06,6985.61,4553.41,6951.19,4531.47,3869.12
2025-01-27,16729.84,6851.81,4420.46,6949.92,4510.9,3923.12
2025-02-05,16379.5,6812.72,4474.67,6988.9,4561.87,3859.74
2025-02-06,16486.29,6955.0,4649.3,7069.3,4614.38,3860.26
2025-02-07,16713.69,7138.51,4692.07,7173.35,4668.65,3847.91
2025-02-10,16728.8,7100.17,4740.13,7292.08,4692.11,3853.65
2025-02-11,16577.39,6999.96,4712.54,7215.37,4701.75,3889.5
2025-02-12,16792.01,7108.06,4838.38,7229.99,4672.4,3920.99
2025-02-13,17103.56,7071.89,4707.27,7194.54,4640.6,3924.14
2025-02-14,17104.66,7144.09,4704.88,7368.1,4664.33,3940.76
2025-02-17,17104.82,7171.65,4771.97,7416.9,4565.92,3929.58
2025-02-18,16972.58,7131.92,4668.04,7267.61,4528.49,3970.95
2025-02-19,17130.83,7254.78,4826.49,7321.12,4575.36,3952.61
2025-02-20,17062.19,7207.84,4864.53,7438.61,4606.81,3947.61
2025-02-21,17119.71,7351.6,5032.53,7506.32,4593.64,3898.61
2025-02-24,17160.06,7349.47,5030.9,7438.83,4597.72,3869.61
2025-02-25,16887.93,7329.82,5024.65,7355.59,4554.11,3838.72
2025-02-26,17018.03,7462.44,5075.6,7442.25,4588.02,3858.59
2025-02-27,17398.79,7461.49,5030.99,7468.19,4565.84,3908.27
2025-02-28,17422.31,7290.91,4787.64,7302.5,4486.84,3884.47
2025-03-03,17278.51,7429.62,4745.27,7350.94,4591.58,3883.65
2025-03-04,17106.87,7346.32,4838.78,7390.78,4630.99,3877.45
2025-03-05,17069.55,7307.94,4873.68,7336.31,4669.3,3944.34
2025-03-06,17383.5,7418.79,4977.44,7451.46,4733.64,3922.59
2025-03-07,17551.39,7337.65,4918.75,7380.21,4804.5,3928.43
2025-03-10,17518.52,7359.18,4923.29,7438.12,4862.59,3892.58
2025-03-11,17854.92,7373.37,4907.45,7428.32,4889.36,3921.44
2025-03-12,17713.25,7394.57,4906.46,7385.3,4891.9,3911.19
2025-03-13,17681.16,7323.45,4786.63,7351.31,4906.75,3933.17
2025-03-14,18638.17,7455.94,4888.45,7510.75,4975.62,3983.69
2025-03-17,18637.57,7437.26,4904.3,7512.59,4936.29,3996.16
2025-03-18,18500.17,7488.32,4938.27,7576.82,5007.15,3991.45
2025-03-19,18453.46,7500.15,4859.85,7578.34,5020.22,4048.07
2025-03-20,18163.98,7446.59,4812.67,7516.3,5005.69,4024.93
2025-03-21,17887.33,7327.56,4688.34,7404.55,4888.4,3976.39
2025-03-24,17949.37,7290.49,4699.18,7342.26,4944.11,4011.35
2025-03-25,17918.78,7310.79,4613.44,7360.92,4967.46,4029.74
2025-03-26,17919.98,7344.2,4623.31,7368.66,4950.23,3971.34
2025-03-27,18073.42,7272.27,4646.33,7507.04,4885.86,3989.28
2025-03-28,17958.33,7202.72,4591.46,7477.34,4877.56,3974.95
2025-03-31,17747.5,7063.23,4578.33,7388.06,4834.57,3988.9
2025-04-01,17802.41,7081.22,4581.58,7635.08,4842.51,3965.4
2025-04-02,17743.61,7094.5,4580.69,7594.06,4800.56,4000.98
2025-04-03,17970.12,6949.91,4467.03,7567.13,4737.9,4012.13
2025-04-07,17164.62,6107.84,3973.7,6876.88,4306.77,3824.91
2025-04-08,17743.88,6131.28,3906.53,6949.72,4295.55,3889.05
2025-04-09,17958.47,6168.59,4033.15,6975.17,4341.66,3852.55
2025-04-10,18072.8,6317.3,4137.39,7116.86,4490.11,3878.7
2025-04-11,18005.21,6387.7,4293.4,7142.94,4530.9,3889.11
2025-04-14,17939.53,6438.67,4324.15,7217.19,4642.25,3913.92
2025-04-15,18018.24,6451.76,4282.05,7208.33,4614.82,3972.79
2025-04-16,18102.35,6360.18,4255.87,7133.03,4599.03,4012.47
2025-04-17,18232.86,6358.45,4272.1,7135.79,4579.97,4015.18
2025-04-18,18048.96,6364.38,4265.84,7117.43,4572.2,4046.39
2025-04-21,17941.63,6485.16,4333.63,7216.61,4745.3,3996.46
2025-04-22,17924.98,6442.04,4307.78,7275.51,4727.5,4023.11
2025-04-23,17860.78,6517.86,4347.02,7224.95,4667.92,4003.62
2025-04-24,17853.47,6501.78,4282.98,7242.66,4636.02,4050.11
2025-04-25,17803.64,6517.17,4301.35,7199.79,4641.0,4029.85
2025-04-28,17736.45,6478.8,4282.22,7146.49,4619.69,4069.2
2025-04-29,17692.99,6449.5,4302.58,7178.93,4618.07,4054.66
2025-04-30,17707.51,6481.81,4358.85,7235.18,4603.44,3970.09
2025-05-06,17769.18,6621.7,4473.93,7312.74,4721.86,3964.94
2025-05-07,17838.21,6680.46,4457.28,7304.33,4743.23,4023.93
2025-05-08,17967.95,6788.37,4479.69,7325.53,4722.81,4068.71
2025-05-09,18019.54,6742.69,4386.74,7308.1,4695.15,4124.15
2025-05-12,18111.17,6924.2,4463.38,7288.37,4744.4,4130.6
2025-05-13,18042.22,6954.1,4434.84,7354.16,4747.86,4193.45
2025-05-14,18345.82,6942.87,4443.96,7361.32,4786.78,4227.95
2025-05-15,18299.58,6824.13,4349.87,7352.12,4724.19,4222.75
2025-05-16,18105.47,6836.68,4354.05,7401.23,4723.75,4183.23
2025-05-19,17942.58,6849.83,4360.46,7387.95,4711.8,4169.76
2025-05-20,18065.23,6889.27,4391.35,7509.35,4737.33,4177.78
2025-05-21,18045.91,6966.05,4350.32,7556.93,4834.54,4207.62
2025-05-22,17988.04,6874.16,4324.57,7501.72,4786.61,4249.7
2025-05-23,17875.67,6788.25,4259.53,7533.02,4783.3,4208.62
2025-05-26,17782.3,6745.13,4296.67,7451.56,4799.28,4176.9
2025-05-27,17812.06,6708.57,4241.53,7524.15,4700.02,4199.25
2025-05-28,17881.09,6673.07,4225.5,7493.87,4700.09,4193.47
2025-05-29,17839.7,6725.54,4314.39,7671.59,4714.48,4183.52
2025-05-30,17685.35,6622.59,4234.59,7699.75,4668.39,4210.35
2025-06-03,17662.15,6630.98,4246.35,7836.63,4733.82,4293.58
2025-06-04,17743.4,6692.07,4296.18,7879.82,4798.96,4295.3
2025-06-05,17658.61,6725.95,4395.45,7799.96,4787.48,4264.01
2025-06-06,17497.01,6713.78,4387.09,7786.47,4842.88,4276.14
2025-06-09,17421.45,6766.86,4412.27,7965.77,4864.76,4287.07
2025-06-10,17297.47,6712.02,4339.66,7991.73,4869.71,4307.52
2025-06-11,17333.85,6780.39,4355.02,7959.22,4977.24,4321.08
2025-06-12,17138.07,6768.39,4343.28,8060.0,5047.03,4333.96
2025-06-13,16732.24,6683.06,4302.78,7895.79,5026.6,4294.18
2025-06-16,16703.04,6718.38,4338.65,7873.47,5005.01,4350.91
2025-06-17,16697.74,6731.45,4336.18,7760.33,5002.87,4343.57
2025-06-18,16707.74,6752.77,4401.06,7694.37,4976.06,4383.55
2025-06-19,16590.13,6654.72,4375.1,7551.57,4880.62,4377.05
2025-06-20,16711.92,6629.95,4343.82,7552.12,4846.95,4407.13
2025-06-23,16578.62,6704.68,4387.75,7619.08,4897.27,4460.88
2025-06-24,16756.45,6895.89,4465.11,7702.58,4936.99,4479.03
2025-06-25,16799.02,7010.11,4534.5,7733.86,4980.56,4525.87
2025-06-26,16697.38,6957.81,4503.03,7652.99,4986.56,4571.58
2025-06-27,16564.42,6968.82,4544.26,7672.88,5094.64,4436.65
2025-06-30,16642.76,7065.29,4609.9,7754.01,5100.49,4421.54
2025-07-01,16609.24,7038.92,4614.85,7893.88,5176.42,4489.41
2025-07-02,16616.22,7069.99,4522.05,7815.86,5214.55,4523.25
2025-07-03,16644.83,7167.72,4598.54,7921.46,5230.85,4520.62
2025-07-04,16666.79,7107.24,4577.83,7952.02,5147.33,4603.91
2025-07-07,16566.84,7104.07,4547.37,7874.95,5116.66,4623.87
2025-07-08,16644.31,7267.65,4650.67,7899.14,5177.64,4612.64
2025-07-09,16706.37,7279.79,4612.56,7933.11,5060.57,4627.87
2025-07-10,16751.27,7298.47,4598.27,7991.02,5110.35,4670.31
2025-07-11,16807.45,7285.15,4620.38,8096.68,5199.61,4557.87
2025-07-14,16818.11,7302.97,4620.14,8139.54,5228.75,4581.24
2025-07-15,16649.01,7248.65,4656.49,8129.31,5184.98,4536.98
2025-07-16,16707.8,7235.16,4641.73,8206.62,5161.62,4503.63
2025-07-17,16797.97,7295.08,4742.99,8352.25,5185.11,4484.75
2025-07-18,16921.18,7326.92,4719.71,8420.73,5294.21,4511.14
2025-07-21,16933.29,7477.57,4741.71,8436.54,5421.69,4476.38
2025-07-22,17226.07,7616.04,4730.38,8443.4,5531.18,4432.35
2025-07-23,17211.52,7524.48,4728.85,8436.11,5509.18,4450.15
2025-07-24,17333.39,7612.81,4788.65,8598.12,5662.11,4387.02
2025-07-25,17046.54,7548.79,4854.41,8580.75,5648.91,4381.5
2025-07-28,16946.57,7583.94,4907.78,8706.81,5621.52,4382.12
2025-07-29,16897.4,7662.41,4977.3,8886.1,5606.22,4329.88
2025-07-30,17042.3,7492.05,4946.0,8882.67,5570.96,4357.13
2025-07-31,16677.44,7311.64,4913.73,8833.95,5393.43,4335.15
2025-08-01,16676.01,7350.91,4867.86,8833.56,5388.2,4344.82
2025-08-04,16707.82,7403.1,4910.17,8880.7,5488.95,4377.59
2025-08-05,16846.19,7449.23,4938.5,8891.5,5513.16,4447.3
2025-08-06,16833.55,7502.42,4983.75,8833.6,5573.09,4441.26
2025-08-07,16870.13,7447.23,5006.02,8752.5,5640.04,4459.7
2025-08-08,16781.2,7493.71,4948.23,8759.57,5699.68,4445.77
2025-08-11,17024.8,7646.6,5035.26,8884.32,5720.83,4400.65
2025-08-12,16953.15,7639.21,5129.8,8863.9,5697.8,4414.97
2025-08-13,16881.82,7765.82,5232.7,9017.68,5832.9,4368.12
2025-08-14,16854.9,7711.4,5189.01,8925.2,5777.23,4367.46
2025-08-15,16861.07,7931.06,5295.44,9029.09,5905.88,4303.74
2025-08-18,16952.28,8035.7,5426.93,9125.49,5913.92,4317.84
2025-08-19,17128.31,8018.92,5415.91,9076.46,5892.45,4323.51
2025-08-20,17366.75,8055.44,5541.52,9070.44,5961.83,4343.36
2025-08-21,17325.83,7976.55,5504.08,9090.3,5927.99,4370.52
2025-08-22,17416.22,8111.74,5769.27,9123.74,5984.59,4357.56
2025-08-25,17863.83,8265.17,5888.91,9308.26,6261.89,4389.83
2025-08-26,17856.22,8244.41,5877.3,9206.65,6248.97,4361.09
2025-08-27,17432.12,8081.51,5853.55,8955.58,6179.97,4281.12
2025-08-28,17366.67,8180.03,6177.3,8937.52,6260.6,4297.32
2025-08-29,17786.45,8435.46,6131.74,9064.19,6413.26,4264.77
2025-09-01,17757.95,8488.8,6218.8,9316.77,6635.29,4220.8
2025-09-02,17758.38,8367.1,5979.27,9217.84,6564.04,4303.25
2025-09-03,17529.06,8487.28,5907.76,9213.17,6510.65,4252.41
2025-09-04,17514.42,8451.63,5607.55,8974.44,6273.23,4286.12
2025-09-05,17612.7,9058.99,5851.75,9191.21,6548.93,4243.9
2025-09-08,17849.27,9141.79,5851.82,9323.49,6550.64,4218.66
2025-09-09,17869.57,9021.66,5693.9,9145.87,6599.61,4253.63
2025-09-10,17900.47,8915.45,5795.35,9109.73,6542.01,4258.85
2025-09-11,17980.62,9132.37,6140.5,9132.42,6665.04,4281.01
2025-09-12,17802.98,9107.28,6211.61,9157.77,6795.38,4216.08
2025-09-15,17768.6,9309.88,6209.29,9161.73,6740.18,4178.07
2025-09-16,17700.44,9336.8,6290.91,9162.85,6673.36,4130.01
2025-09-17,17612.04,9574.91,6366.13,9141.56,6683.57,4114.38
2025-09-18,17332.27,9437.19,6425.42,9096.29,6445.59,4035.93
2025-09-19,17352.33,9386.8,6395.36,8968.05,6522.39,4038.44
2025-09-22,17142.94,9412.02,6632.57,8956.5,6586.25,3996.24
2025-09-23,17034.52,9452.74,6628.59,8783.5,6536.3,4057.07
2025-09-24,17047.88,9725.34,6811.73,8926.41,6626.22,4042.62
2025-09-25,16945.49,9880.61,6807.12,8943.55,6750.06,4015.93
2025-09-26,16919.9,9749.37,6620.15,8770.86,6752.28,4018.96
2025-09-29,17130.88,10048.99,6724.97,8785.7,7007.58,4000.3
2025-09-30,17049.15,10221.22,6803.98,8909.13,7233.5,3970.79
2025-10-09,16999.74,10428.72,6952.4,8923.38,7783.14,3963.49
2025-10-10,17022.92,9963.15,6624.84,8802.13,7554.83,3981.95
2025-10-13,16849.13,9895.44,6621.26,8673.06,7807.9,4011.35
2025-10-14,17134.22,9661.64,6314.05,8539.19,7521.91,4111.92
2025-10-15,17266.46,9924.4,6458.65,8716.52,7633.71,4134.49
2025-10-16,17433.78,9930.59,6419.98,8734.26,7476.09,4190.35
2025-10-17,17168.83,9435.18,6152.03,8583.87,7322.8,4176.85
2025-10-20,17147.7,9580.01,6236.9,8621.48,7224.74,4172.65
2025-10-21,17186.68,9753.94,6454.91,8704.09,7327.28,4186.35
2025-10-22,17128.96,9627.83,6416.39,8671.28,7227.73,4227.01
2025-10-23,17209.71,9684.32,6373.59,8618.84,7300.58,4253.91
2025-10-24,17005.97,9897.67,6674.42,8633.42,7405.69,4235.5
2025-10-27,16971.75,9969.7,6871.92,8710.46,7582.46,4237.79
2025-10-28,16970.36,9954.66,6846.17,8647.68,7376.03,4230.69
2025-10-29,16875.3,10431.7,6925.59,8686.88,7692.09,4146.8
2025-10-30,16831.62,10393.73,6771.1,8539.43,7752.85,4149.65
2025-10-31,16967.17,10321.86,6563.99,8746.44,7595.37,4143.81
2025-11-03,17026.09,10418.38,6558.87,8748.9,7503.48,4199.01
2025-11-04,16864.14,10205.25,6465.82,8576.63,7275.48,4284.33
2025-11-05,16817.86,10551.93,6453.36,8569.02,7319.55,4282.65
2025-11-06,16874.33,10728.43,6647.03,8566.4,7542.88,4264.45
2025-11-07,16871.88,10836.31,6557.77,8536.77,7592.23,4259.34
2025-11-10,17414.49,10718.07,6524.04,8643.47,7618.95,4286.01
2025-11-11,17427.51,10722.67,6410.62,8639.9,7530.78,4301.16
2025-11-12,17461.83,10497.5,6382.61,8692.66,7527.67,4322.59
2025-11-13,17552.56,10950.05,6444.32,8802.97,7829.42,4320.59
2025-11-14,17346.93,10749.97,6245.14,8817.63,7673.43,4331.72
2025-11-17,17401.9,10675.71,6255.55,8665.0,7620.26,4275.07
2025-11-18,17407.01,10359.01,6263.22,8590.67,7406.66,4260.58
2025-11-19,17340.88,10344.69,6207.04,8480.85,7583.59,4299.57
2025-11-20,17249.18,10141.96,6159.61,8437.13,7552.47,4336.67
2025-11-21,17097.72,9617.17,5877.4,8211.14,7155.23,4293.15
2025-11-24,17002.47,9664.68,5914.97,8313.97,7120.92,4259.04
2025-11-25,17015.14,9819.83,6041.39,8395.35,7293.12,4315.61
2025-11-26,17042.0,9813.11,6136.82,8451.47,7272.32,4281.63
2025-11-27,17031.74,9831.73,6152.98,8418.5,7291.32,4303.27
2025-11-28,17110.46,9962.15,6232.95,8430.03,7396.64,4267.63
2025-12-01,17139.84,10018.59,6331.68,8460.08,7607.77,4299.99
2025-12-02,17033.82,9899.94,6284.17,8355.82,7504.43,4300.14
2025-12-03,16915.02,9798.82,6225.92,8332.47,7551.99,4260.56
2025-12-04,16710.95,9825.21,6274.25,8331.81,7576.91,4242.12
2025-12-05,16785.04,9983.62,6300.64,8367.75,7792.0,4217.35
2025-12-08,16654.9,10117.5,6464.46,8377.64,7846.97,4218.18
2025-12-09,16494.74,10074.08,6515.04,8311.8,7609.59,4215.44
2025-12-10,16512.62,9986.79,6489.34,8329.85,7688.37,4148.81
2025-12-11,16443.9,9961.5,6373.64,8266.48,7640.36,4155.95
2025-12-12,16511.99,10102.7,6466.55,8280.55,7755.27,4142.67
2025-12-15,16622.89,9986.55,6309.88,8182.85,7715.84,4139.12
2025-12-16,16619.93,9721.09,6214.95,8041.89,7499.07,4116.56
2025-12-17,16696.11,9924.0,6369.08,8140.26,7726.3,4121.35
2025-12-18,16640.82,9703.86,6272.81,8165.09,7720.83,4202.65
2025-12-19,16685.08,9787.33,6254.54,8269.04,7868.84,4183.98
2025-12-22,16665.51,9890.33,6418.11,8251.09,8056.21,4162.12
2025-12-23,16581.73,10001.05,6455.5,8213.99,8090.2,4177.6
2025-12-24,16521.46,10104.44,6592.48,8233.31,8139.52,4164.9
2025-12-25,16661.87,10170.4,6611.7,8281.82,8076.79,4157.5
2025-12-26,16592.03,10312.68,6564.94,8254.26,8374.47,4141.6
